{"cameraMode":{"drawMode":0,"name":"Shaded","section":"Shading Mode"},"sceneLighting":true,"audioPlay":false,"sceneViewState":{"m_AlwaysRefresh":false,"showFog":true,"showSkybox":true,"showFlares":true,"showImageEffects":true,"showParticleSystems":true,"showVisualEffectGraphs":true,"m_FxEnabled":true},"in2DMode":false,"pivot":{"x":-1.1267800331115723,"y":-0.16131365299224854,"z":-1.2861969470977784},"rotation":{"x":-0.040477264672517779,"y":0.7364665865898132,"z":-0.044241130352020267,"w":-0.6738117933273315},"size":2.822636842727661,"orthographic":false}